word,count
people,132
good,114
work,107
wanted,105
made,94
new,85
family,84
told,81
knew,77
others,75
couldnt,74
time,73
go,73
take,70
feel,68
help,68
felt,67
care,66
lot,65
job,65
took,61
ive,60
home,59
money,59
went,59
partner,59
friends,58
want,58
think,55
sex,54
make,51
hard,51
company,50
team,50
know,49
every,47
need,45
day,45
someone,45
happy,44
something,42
sure,42
house,42
clothes,41
kids,41
strong,40
better,40
emotions,40
alone,38
children,38
anything,38
everyone,37
bought,37
without,36
see,36
going,36
enough,36
liked,36
let,35
easily,35
worked,35
often,34
whole,33
though,33
many,33
life,32
really,32
decided,32
best,31
right,31
afraid,31
last,31
much,30
first,30
talk,30
heavy,30
asked,30
came,29
friend,29
thought,29
look,29
everything,29
needed,28
id,28
things,28
tried,28
party,27
looked,27
important,27
looks,27
come,27
started,27
wouldnt,27
based,26
leader,26
although,26
anyone,26
still,25
love,25
able,25
cleaning,25
hurt,25
angry,25
weak,25
offered,25
sexual,24
room,24
used,24
making,24
night,24
buy,24
wasnt,24
physical,24
clean,24
wear,24
situation,23
skills,23
car,23
paid,23
saw,23
hair,23
say,23
cant,23
decisions,22
gave,22
bad,22
looking,22
confident,22
old,22
feeling,22
around,22
sports,21
spent,21
professional,21
loved,21
young,21
back,21
strength,21
way,20
mind,20
financial,20
stay,20
problem,20
found,20
since,20
keep,20
meeting,19
nice,19
familys,19
long,19
bed,19
group,19
two,19
well,18
today,18
confidence,18
kept,18
decision,18
relationship,18
scared,18
show,18
dirty,18
said,18
event,18
talking,18
yesterday,18
instead,18
goals,17
carried,17
fight,17
taking,17
immediately,17
body,17
different,17
week,17
handle,17
organized,16
try,16
enjoyed,16
school,16
dinner,16
thinking,16
put,16
boss,16
give,16
called,16
almost,16
nothing,16
problems,16
times,16
face,16
cried,16
hated,16
ready,16
hours,15
eat,15
sad,15
stand,15
listen,15
attention,15
open,15
extra,15
ask,15
play,15
years,15
high,15
spend,14
helped,14
beautiful,14
personal,14
walk,14
lift,14
fashion,14
read,14
working,14
position,14
cook,14
wait,14
provide,14
great,14
support,14
situations,14
left,14
find,14
community,14
challenging,14
focused,14
manager,13
local,13
opinions,13
avoid,13
set,13
stop,13
income,13
course,13
employees,13
wrong,13
led,13
charge,13
actively,13
gym,13
difficult,13
little,13
child,13
wearing,13
attended,13
ever,13
joined,13
leave,13
food,13
control,13
sense,13
future,13
call,13
provided,13
phone,13
skin,13
nobody,13
preferred,13
leadership,13
dishes,13
consistently,12
partners,12
rough,12
believed,12
class,12
dress,12
struggled,12
lost,12
received,12
signed,12
place,12
responsibility,12
away,12
washed,12
year,12
cry,12
expenses,12
watching,12
rational,12
needs,12
possible,12
lead,12
power,12
wish,12
wash,12
project,12
financially,11
hold,11
responsible,11
learned,11
makes,11
business,11
big,11
expected,11
carefully,11
head,11
successful,11
else,11
fun,11
met,11
carry,11
tell,11
thats,11
younger,11
data,11
change,11
meet,11
compliments,11
determined,11
playing,11
naturally,10
sometimes,10
argument,10
opportunity,10
changed,10
games,10
tasks,10
late,10
moving,10
followed,10
powerful,10
move,10
protect,10
person,10
done,10
stronger,10
deep,10
live,10
aware,10
stayed,10
table,10
calm,10
deal,10
quiet,10
engaged,10
women,10
cleaned,10
month,10
public,10
getting,10
volunteered,10
water,10
managed,10
dog,10
front,10
kind,10
everybody,10
ordered,10
tired,9
invited,9
household,9
must,9
extremely,9
start,9
prefer,9
second,9
smile,9
university,9
social,9
together,9
planned,9
shouldnt,9
conversations,9
engaging,9
shopping,9
already,9
trying,9
chose,9
competition,9
participated,9
age,9
appearance,9
order,9
towards,9
believe,9
understand,9
exhausted,9
football,9
enjoy,9
aggressive,9
perfect,9
kid,9
weakness,9
refused,9
bring,9
cake,9
test,9
desires,9
challenge,9
saved,9
shower,9
leading,9
date,9
wore,9
create,9
prepared,9
colleagues,9
physically,9
embraced,8
kitchen,8
considered,8
proud,8
parents,8
safety,8
realised,8
totally,8
matter,8
choice,8
likes,8
lifted,8
completely,8
rather,8
town,8
responsibilities,8
tough,8
imagine,8
books,8
become,8
favourite,8
club,8
furniture,8
telling,8
model,8
ideas,8
parties,8
various,8
feelings,8
watched,8
noticed,8
picked,8
plans,8
natural,8
field,8
rules,8
happened,8
trouble,8
full,8
abilities,8
beauty,8
anyway,8
pushed,8
research,8
least,8
pay,8
weekend,8
dangerous,8
lunch,8
act,8
summer,8
three,8
buying,8
broke,8
clients,8
upset,7
achieve,7
hike,7
outfit,7
taught,7
acting,7
quickly,7
nicely,7
speaking,7
trusted,7
brought,7
apartment,7
promotion,7
saturday,7
sleep,7
effort,7
finish,7
animals,7
taken,7
pretty,7
entire,7
walked,7
hand,7
muscle,7
members,7
remained,7
finances,7
fear,7
fix,7
panicked,7
luck,7
role,7
assessed,7
forgot,7
legs,7
expressing,7
true,7
college,7
mirror,7
reason,7
wished,7
calmly,7
bag,7
budget,7
muscles,7
sought,7
defend,7
convinced,7
peoples,7
us,7
jobs,7
individuals,7
strangers,7
okay,7
drive,7
office,7
worry,7
cookies,7
christmas,7
created,7
motivate,7
colleague,7
capable,7
arguments,7
decide,7
bags,7
movie,7
reviewed,7
comes,7
opportunities,7
plan,7
shelter,7
idea,7
maintain,7
daily,7
preparing,7
lifting,7
discussions,7
earned,6
workshop,6
results,6
trip,6
swimming,6
holidays,6
naked,6
shape,6
proper,6
type,6
built,6
mistakes,6
shirt,6
mental,6
talked,6
waste,6
rude,6
shes,6
showed,6
washing,6
unable,6
push,6
emotional,6
caring,6
heart,6
cooking,6
breakup,6
workout,6
stood,6
mess,6
challenges,6
ago,6
quite,6
days,6
straight,6
ones,6
hands,6
raise,6
drunk,6
respect,6
stepped,6
conflict,6
behind,6
chores,6
attractive,6
insisted,6
store,6
pain,6
park,6
ran,6
climb,6
logical,6
threw,6
investment,6
events,6
supervisor,6
failure,6
conducted,6
learn,6
use,6
worried,6
maintained,6
flat,6
seeing,6
pride,6
endurance,6
huge,6
played,6
inspiring,6
pick,6
workplace,6
coming,6
allowed,6
regularly,6
listened,6
entered,6
critical,6
charity,6
stress,6
race,6
conditions,6
choose,6
wood,6
join,6
resist,6
focus,6
longer,6
easy,6
another,6
baby,6
held,6
wedding,6
adult,6
goodlooking,6
assertive,6
sweat,6
ill,6
next,6
porn,6
adrenaline,6
birthday,6
acted,6
forest,6
overwhelmed,6
finally,6
everyones,6
reading,6
cream,6
perfectly,5
usually,5
coffee,5
overreacted,5
end,5
theyd,5
laundry,5
ensured,5
constantly,5
handled,5
healthy,5
allow,5
mom,5
area,5
expensive,5
maybe,5
volunteering,5
dominant,5
patient,5
girls,5
yes,5
tv,5
ensuring,5
nervous,5
floor,5
driving,5
surrounded,5
afford,5
donated,5
watch,5
forward,5
demonstrated,5
hear,5
across,5
street,5
turned,5
education,5
machine,5
appreciate,5
city,5
experience,5
part,5
career,5
offended,5
serious,5
issues,5
words,5
bear,5
staying,5
doesnt,5
running,5
door,5
award,5
promoted,5
desire,5
intense,5
guess,5
approached,5
happiest,5
qualities,5
eyes,5
follow,5
foreign,5
art,5
risk,5
evaluated,5
avoided,5
organised,5
cooked,5
silent,5
holiday,5
twenty,5
credit,5
build,5
sexually,5
appreciated,5
theyre,5
fine,5
loud,5
stopped,5
tears,5
screaming,5
baked,5
student,5
available,5
large,5
stranger,5
doctor,5
negative,5
emergency,5
fund,5
case,5
arms,5
increase,5
projects,5
tanned,5
mindset,5
communication,5
cause,5
floors,5
listening,5
cared,5
providing,5
polite,5
weights,5
stories,5
muscular,5
middle,5
seriously,5
travel,5
facts,5
conflicts,5
became,5
attempted,5
longterm,5
less,5
strict,5
active,5
finished,5
police,5
neighbours,5
provider,5
marathon,5
save,5
simply,5
satisfied,5
tickets,5
stupid,5
success,5
book,5
marriage,5
stable,5
doubted,5
childrens,5
speak,5
country,5
pressure,5
sexy,5
applied,5
conference,5
wardrobe,5
unexpected,5
imagined,5
figure,5
twice,5
outside,5
example,5
game,5
vacation,5
studied,5
men,5
neat,5
immature,5
scientist,5
cars,5
meal,5
fell,5
boring,5
homework,4
despite,4
step,4
weather,4
loving,4
nurturing,4
top,4
health,4
youre,4
probably,4
man,4
volunteer,4
tonight,4
planning,4
lego,4
frustrated,4
funny,4
frequently,4
mouth,4
nursing,4
offer,4
elderly,4
thoughts,4
effortlessly,4
meaningful,4
difficulty,4
drove,4
routine,4
tend,4
organization,4
ceo,4
vacuumed,4
match,4
action,4
assignment,4
activities,4
far,4
knowing,4
due,4
flexed,4
struggling,4
weightlifting,4
sign,4
regular,4
environment,4
navigated,4
swim,4
anybody,4
hosted,4
worth,4
lady,4
latest,4
suit,4
shy,4
positive,4
balance,4
living,4
storm,4
insurance,4
wellbeing,4
keeps,4
ruined,4
hungry,4
sent,4
camera,4
training,4
mopped,4
win,4
refuse,4
beer,4
sorry,4
free,4
solve,4
hoping,4
punch,4
benefits,4
construction,4
complete,4
bit,4
salary,4
box,4
friendly,4
sitting,4
amount,4
strategic,4
weight,4
restaurant,4
happen,4
instructions,4
thing,4
cut,4
tree,4
lie,4
paying,4
bills,4
understood,4
interest,4
close,4
host,4
touch,4
presentation,4
check,4
raised,4
motivated,4
calculated,4
efficiently,4
safe,4
ability,4
hospital,4
eating,4
thorough,4
limits,4
disagreement,4
father,4
shows,4
visit,4
whenever,4
strike,4
air,4
clear,4
supportive,4
confidently,4
havent,4
fire,4
aside,4
condoms,4
self,4
guidance,4
abroad,4
stressful,4
fast,4
girl,4
diligently,4
obvious,4
military,4
composed,4
risks,4
sick,4
rely,4
stuff,4
rationally,4
crying,4
rarely,4
stairs,4
bathroom,4
relied,4
costs,4
computer,4
contract,4
shared,4
integrity,4
dishwasher,4
technical,4
lacked,4
warned,4
faced,4
giving,4
lose,4
happens,4
cat,4
engine,4
several,4
cleanup,4
kindness,4
slept,4
ate,4
windows,4
moment,4
consider,4
receiving,4
selfesteem,4
effectively,4
conquer,4
products,4
pet,4
snake,4
mine,4
criticism,4
mother,4
son,4
otherwise,4
seen,4
honest,4
promised,4
energy,4
gut,4
stressed,4
skirt,3
trade,3
locked,3
admiration,3
established,3
discuss,3
excellent,3
assumed,3
hid,3
openly,3
husband,3
loves,3
worrying,3
vision,3
grocery,3
coworker,3
certain,3
reflection,3
achievements,3
informed,3
single,3
video,3
pigtails,3
schedule,3
bedsheets,3
demanding,3
numbers,3
objective,3
hired,3
displease,3
touched,3
losing,3
caught,3
privacy,3
someday,3
gossiping,3
daughter,3
checked,3
behave,3
loose,3
terrible,3
uniform,3
bossy,3
controlling,3
pizza,3
collaborated,3
resolved,3
boxes,3
waited,3
driver,3
matters,3
researched,3
name,3
speech,3
crowd,3
motivating,3
burst,3
smiling,3
run,3
childish,3
protected,3
commitment,3
smell,3
annoyed,3
grateful,3
gig,3
signs,3
steady,3
delivered,3
lawyer,3
professionalism,3
remember,3
meals,3
beliefs,3
preferences,3
compared,3
lack,3
savings,3
level,3
complex,3
short,3
objectively,3
strengths,3
resilience,3
apologized,3
knocked,3
popular,3
born,3
plastic,3
theres,3
music,3
socks,3
adjusted,3
lived,3
trash,3
mountain,3
low,3
demeanor,3
constructive,3
plane,3
expert,3
options,3
mentor,3
fail,3
packed,3
competitive,3
ground,3
meetings,3
neighbour,3
chef,3
gone,3
sidewalk,3
sponsors,3
nail,3
knowledge,3
among,3
solutions,3
discovered,3
submissive,3
aspect,3
trainer,3
neighbors,3
pool,3
consulted,3
gift,3
rid,3
fly,3
excellence,3
collection,3
teacher,3
strived,3
additional,3
astrology,3
validation,3
hunting,3
services,3
monday,3
route,3
dripped,3
casual,3
online,3
assurance,3
sources,3
demonstrating,3
arm,3
main,3
slim,3
essential,3
conversation,3
housework,3
asking,3
return,3
hesitate,3
ballet,3
contact,3
climbing,3
hot,3
inspired,3
impulsive,3
hire,3
actions,3
mathematical,3
itd,3
victory,3
fortune,3
setting,3
concrete,3
ball,3
hygiene,3
broken,3
boundaries,3
adhered,3
core,3
guests,3
stability,3
cards,3
lake,3
beat,3
within,3
undeterred,3
inside,3
sit,3
joke,3
suffering,3
discipline,3
opened,3
laughed,3
guide,3
competent,3
properly,3
director,3
bottle,3
inspire,3
light,3
wont,3
whatever,3
pull,3
fed,3
trust,3
idiots,3
influenced,3
science,3
assistance,3
dressed,3
cinema,3
rejection,3
crazy,3
logic,3
prove,3
motorbike,3
reliable,3
authority,3
tidy,3
kiss,3
alright,3
compassionate,3
empathetic,3
thanks,3
affected,3
assignments,3
psychologist,3
childhood,3
gentle,3
explosive,3
surfaces,3
prayed,3
saying,3
passion,3
fundraiser,3
spending,3
dug,3
helps,3
courageous,3
toys,3
smart,3
center,3
opening,3
obstacle,3
verified,3
experienced,3
creating,3
evening,3
walking,3
stayathome,3
mothers,3
fact,3
expecting,3
window,3
minutes,3
service,3
alongside,3
expertise,3
sensitive,3
study,3
easier,3
stunning,3
comfort,3
animal,3
train,3
expressed,3
weapon,3
tight,3
ventured,3
ease,3
approaching,3
cover,3
fitness,3
ignored,3
beyond,3
failed,3
world,3
feedback,3
fought,3
vacuuming,3
goal,3
explored,3
intimate,3
married,3
private,3
anger,3
hit,3
dogs,3
near,3
communicative,3
pushups,3
showing,3
protein,3
fully,3
colours,3
heard,3
clothing,3
engage,3
terms,3
involved,3
impulses,3
cleanliness,3
bar,3
handling,3
admit,3
favorite,3
shoes,3
appeared,3
captured,3
keeping,3
complimented,3
thanked,3
wants,3
romantic,3
judgment,3
treat,3
hang,3
jumping,3
chance,3
uncomfortable,3
movies,3
seduce,3
sport,3
explaining,3
image,3
competence,3
selfdefence,3
earn,3
staff,3
challenged,3
highschool,3
human,3
spider,3
elected,3
current,3
subjects,3
arguing,3
escalated,3
manners,3
martial,3
arts,3
helping,3
students,3
lives,3
ice,3
waves,3
bake,3
theyve,3
worker,3
stakeholders,3
doubts,3
break,3
past,3
intuition,3
lies,3
notice,3
production,3
communicated,3
mad,3
developed,3
lucky,3
steps,3
keen,3
account,3
harder,3
hiking,3
extreme,3
polished,3
flowers,3
silly,3
dreams,3
till,3
grow,3
meticulously,3
exam,3
survived,3
weeks,3
hosting,3
everywhere,3
connections,3
presented,3
math,3
dancing,3
aroused,3
side,3
protocols,3
dreamt,3
turning,3
heads,3
died,3
assembling,3
ugly,3
fearless,3
groups,3
along,3
worst,3
programme,3
professionally,3
expectations,3
hairdresser,3
jump,3
task,3
rest,3
industry,2
interns,2
balloons,2
wilderness,2
hall,2
wan,2
encountered,2
recommended,2
steering,2
shorts,2
evidence,2
tyre,2
pursued,2
five,2
passed,2
equal,2
woods,2
bedroom,2
portfolio,2
confronted,2
careers,2
advice,2
experiences,2
diverse,2
policies,2
babysat,2
initiatives,2
lower,2
progress,2
positions,2
shooting,2
hes,2
shut,2
respecting,2
effective,2
simple,2
vulnerable,2
scam,2
craved,2
anyways,2
purchases,2
endure,2
prank,2
nature,2
painting,2
surprise,2
consent,2
bill,2
treated,2
hadnt,2
downplayed,2
talents,2
distracted,2
fired,2
reach,2
prefered,2
leads,2
customer,2
threats,2
prevent,2
dusted,2
mistake,2
coverage,2
jar,2
displayed,2
addicted,2
vacuum,2
obey,2
environmental,2
collapsed,2
hat,2
outcomes,2
ladder,2
withstand,2
earlier,2
library,2
audience,2
milk,2
yet,2
hates,2
solution,2
lurking,2
weekends,2
shave,2
gaze,2
captivating,2
instant,2
waters,2
rationality,2
executed,2
marketing,2
atmosphere,2
danger,2
instincts,2
doors,2
tests,2
grew,2
lied,2
commitments,2
impact,2
pass,2
season,2
manual,2
real,2
seven,2
sacrificed,2
tall,2
maneuvered,2
gets,2
brother,2
orders,2
gladly,2
swingers,2
dropped,2
perform,2
ethic,2
gatherings,2
tinder,2
medicine,2
solving,2
stole,2
teller,2
news,2
articles,2
committee,2
laugh,2
veins,2
international,2
teamwork,2
subordinates,2
conspiracy,2
theories,2
invitation,2
surround,2
quality,2
pets,2
asleep,2
jumped,2
riding,2
joy,2
intimacy,2
plants,2
drawing,2
known,2
spicy,2
common,2
kinder,2
scare,2
managing,2
stain,2
remind,2
parent,2
negotiator,2
accountability,2
fridge,2
teams,2
rocks,2
address,2
lying,2
trends,2
friday,2
wealth,2
political,2
process,2
openminded,2
folded,2
bunch,2
designer,2
breaking,2
lazy,2
drowning,2
ocean,2
bricks,2
physicality,2
culinary,2
demolition,2
charisma,2
problemsolving,2
dance,2
considering,2
months,2
hoped,2
boosted,2
switch,2
package,2
strive,2
branches,2
tested,2
score,2
seemed,2
impolite,2
arrived,2
kissed,2
obliged,2
uneasy,2
brave,2
cool,2
kisser,2
demands,2
bath,2
maintaining,2
early,2
ended,2
tear,2
spray,2
argued,2
swing,2
strategies,2
according,2
formal,2
confrontation,2
suits,2
notes,2
mature,2
objectivity,2
soft,2
accomplishment,2
generally,2
appointment,2
handed,2
improve,2
performed,2
picture,2
skincare,2
heights,2
homeless,2
helpful,2
interests,2
graceful,2
throw,2
seeking,2
logs,2
barbecue,2
laid,2
steel,2
guns,2
learning,2
guy,2
randomly,2
unless,2
bird,2
journalist,2
educated,2
realise,2
youngest,2
swung,2
talented,2
graduated,2
deserve,2
practice,2
injured,2
likable,2
insects,2
please,2
conformed,2
may,2
reassurance,2
ride,2
bank,2
beach,2
apparently,2
amusement,2
comfortable,2
shortcomings,2
freedom,2
companion,2
practiced,2
techniques,2
heading,2
avoiding,2
videos,2
tailored,2
price,2
minor,2
perceived,2
awareness,2
slippers,2
exhibited,2
impression,2
selfimprovement,2
incompetent,2
voice,2
share,2
speaker,2
exuded,2
demanded,2
closest,2
deciding,2
changing,2
shift,2
comforting,2
behaviors,2
president,2
cute,2
fault,2
apologise,2
bus,2
tiger,2
argue,2
rash,2
red,2
introduce,2
concerns,2
jungle,2
revealing,2
items,2
perfume,2
prom,2
manage,2
materially,2
rock,2
reached,2
embarked,2
load,2
given,2
productive,2
somebody,2
attend,2
enjoying,2
assaulted,2
horrible,2
individual,2
grandparents,2
propelled,2
belief,2
everyday,2
underestimate,2
soup,2
mayor,2
responded,2
review,2
compliment,2
performance,2
white,2
dislike,2
cloud,2
untamed,2
empathy,2
surprised,2
anywhere,2
sugar,2
tougher,2
sledgehammer,2
ringing,2
applying,2
cheat,2
passionate,2
garden,2
growing,2
character,2
reputation,2
surgery,2
morning,2
selfassurance,2
gardener,2
reflected,2
anytime,2
highpressure,2
initiative,2
agree,2
values,2
key,2
pickles,2
teachers,2
approach,2
hate,2
market,2
sprained,2
nephew,2
chat,2
older,2
photographs,2
moments,2
lots,2
technology,2
attracted,2
initiated,2
recliner,2
whilst,2
importance,2
weaklings,2
happier,2
word,2
surgeon,2
permission,2
supposed,2
models,2
suffer,2
mobile,2
resolution,2
dream,2
bored,2
sword,2
suited,2
seem,2
talkative,2
insensitive,2
ticket,2
net,2
mentally,2
seek,2
random,2
japanese,2
boost,2
ambassador,2
designed,2
incorporated,2
welcome,2
workouts,2
thoroughly,2
priority,2
risky,2
salt,2
cleaner,2
lovely,2
combining,2
sun,2
brown,2
executive,2
missed,2
efficient,2
sharing,2
fathers,2
mocked,2
require,2
paper,2
fighter,2
blood,2
sociable,2
accommodation,2
refugees,2
assembled,2
skateboarding,2
stamina,2
balanced,2
presence,2
careful,2
mathematics,2
listener,2
material,2
jealous,2
standup,2
qualified,2
drinks,2
inner,2
required,2
brothers,2
radiated,2
dependent,2
disco,2
teach,2
fights,2
higher,2
understanding,2
takes,2
might,2
adapted,2
diet,2
disgusted,2
stomach,2
sea,2
celebrate,2
conclusions,2
chair,2
stays,2
lawn,2
selfworth,2
commented,2
appearances,2
fancy,2
cross,2
woman,2
sweaty,2
castle,2
gossip,2
residents,2
proof,2
rowdy,2
carpet,2
directly,2
politics,2
anymore,2
nicer,2
dirt,2
supporting,2
army,2
list,2
knit,2
swam,2
rich,2
agency,2
accidentally,2
foundation,2
reunion,2
wondered,2
shoulder,2
demand,2
extraordinary,2
drugs,2
lovingly,2
contacts,2
major,2
gathering,2
habit,2
drank,2
magazine,2
leather,2
superstitions,2
growth,2
pursue,2
truth,2
barbell,2
gripped,2
forehead,2
snacks,2
pretended,2
decisionmaking,2
spare,2
suspected,2
motivates,2
inspires,2
choices,2
brain,2
constant,2
board,2
enter,2
therapy,2
miss,2
employed,2
puppies,2
showcased,2
hook,2
miner,2
implemented,2
busy,2
hardworking,2
wife,2
guiding,2
filled,2
circumstances,2
communicating,2
means,2
speeding,2
accessories,2
compassion,2
stuck,2
building,2
dark,2
screamed,2
baths,2
operation,2
youth,2
makeup,2
treatment,2
photos,2
pieces,2
app,2
engineer,2
oversaw,2
dating,2
matches,2
encouraged,2
amsterdam,2
certainty,2
detective,2
plunged,2
record,2
volleyball,2
lover,2
tip,2
sweet,2
lonely,2
eye,2
collaboration,2
comment,2
wrestling,2
fit,2
speed,2
war,2
track,2
tense,2
contribute,2
benefit,2
served,2
skydiving,2
somewhere,2
presentable,2
walks,2
swept,2
ear,2
determination,2
elementary,2
employee,2
experiencing,2
attacked,2
lion,2
overcome,2
obstacles,2
horny,2
videogame,2
adventure,2
fall,2
exhibition,2
meditation,2
rush,2
works,2
lets,2
apparent,2
classmate,2
weaknesses,2
grumpy,2
magnetic,2
number,2
commit,2
bitten,2
exertion,2
mood,2
hour,2
invite,2
messy,2
farted,2
hammer,2
letting,2
deer,2
numerous,2
special,2
valued,2
playstation,2
pit,2
bull,2
nails,2
scenarios,2
insecure,2
prestigious,2
desperate,2
recognizing,2
objects,2
conclusion,2
correct,2
opinion,2
small,2
winter,2
contributions,2
radiating,2
burn,2
irrationally,2
thick,2
interpreter,2
birds,2
dig,2
mean,2
truly,2
driven,2
bodies,2
promotions,2
product,2
chopped,2
license,2
fair,2
picnic,2
classmates,2
explain,2
praised,2
chosen,2
heavily,2
approval,2
chocolate,2
soon,2
admire,2
amateur,2
paperwork,2
personally,2
excercise,2
praise,2
setback,2
bright,2
bosses,2
clearly,2
write,2
information,2
unwavering,2
agreed,2
comforted,2
duty,2
doubt,2
hobby,2
acknowledge,2
quit,2
accomplishments,2
feared,2
brings,2
relationships,2
harm,2
perspectives,2
charm,2
effortless,1
moodier,1
bears,1
accessible,1
festival,1
specifications,1
roaming,1
dumbbells,1
strokes,1
tarnished,1
smokes,1
stored,1
soldier,1
irrational,1
cousin,1
camo,1
handing,1
features,1
repair,1
whos,1
promises,1
shop,1
relying,1
horror,1
acquaintances,1
loaded,1
prioritized,1
interruption,1
modest,1
condom,1
request,1
arena,1
daddy,1
dusting,1
wheel,1
plaid,1
ongoing,1
reassuring,1
mediated,1
customized,1
analyzed,1
precocious,1
buttondown,1
viewpoint,1
funeral,1
planner,1
outdrink,1
checkup,1
reserves,1
esoteric,1
concerned,1
upon,1
unpacked,1
sacks,1
wiping,1
documentaries,1
cement,1
drew,1
overly,1
procedure,1
surgical,1
bombs,1
fantasies,1
recess,1
firefighter,1
redid,1
tastier,1
dungeon,1
seeker,1
cold,1
higherpaying,1
polish,1
tumor,1
armor,1
freezing,1
potentionally,1
crochet,1
forecast,1
clad,1
physics,1
selfassured,1
hugged,1
competitors,1
coat,1
homemaker,1
farthest,1
leaving,1
development,1
facilitated,1
cutlery,1
launguage,1
homelessness,1
bracelet,1
paw,1
auction,1
submitting,1
cliff,1
edge,1
final,1
spotless,1
skating,1
trivial,1
covered,1
daydreaming,1
interfere,1
addressed,1
coached,1
tyres,1
questions,1
spendings,1
africa,1
dictate,1
provoke,1
accomplished,1
writer,1
bestsellers,1
dare,1
temper,1
worklife,1
creatures,1
nude,1
basis,1
jogged,1
gain,1
skilled,1
poker,1
warmth,1
spur,1
calculus,1
motto,1
grown,1
seduced,1
reflecting,1
togetherness,1
talent,1
programs,1
putting,1
proofread,1
edited,1
written,1
hopes,1
behaves,1
afterward,1
recruited,1
minivan,1
receive,1
giggly,1
blonde,1
lipstick,1
teaching,1
undeniably,1
resources,1
drives,1
hasty,1
furious,1
client,1
levelheaded,1
nonconfrontational,1
highway,1
offices,1
changes,1
abandoned,1
breed,1
inheritance,1
marry,1
sacked,1
constatnly,1
restless,1
analyse,1
authenticity,1
displeasing,1
neverending,1
negotiated,1
providers,1
congress,1
manages,1
campaign,1
choosing,1
glass,1
doted,1
charles,1
owns,1
fashioned,1
takeout,1
cheerleader,1
discerning,1
curved,1
todo,1
piano,1
dish,1
shook,1
barely,1
navigating,1
behaved,1
bang,1
grope,1
none,1
punished,1
breathe,1
author,1
laboratory,1
calls,1
observed,1
priorities,1
cupboard,1
embarrass,1
sensible,1
hole,1
cameras,1
installed,1
temperature,1
tackling,1
speedating,1
pretending,1
possibility,1
presents,1
wimp,1
whether,1
dough,1
weightlifted,1
appearence,1
regulations,1
freaked,1
waiting,1
inch,1
explore,1
unyielding,1
likeminded,1
ways,1
dryer,1
periods,1
extended,1
posture,1
maturity,1
researchers,1
beaches,1
settings,1
runner,1
fulfill,1
lick,1
kama,1
sutra,1
carpets,1
pranked,1
glasses,1
knees,1
supplements,1
attracts,1
realize,1
prepare,1
gaining,1
spotcleaned,1
rugs,1
deadlines,1
situps,1
abdominal,1
drain,1
buddy,1
commanding,1
pullups,1
senior,1
suddenly,1
froze,1
shouted,1
incident,1
funky,1
amazed,1
ceremony,1
qualifications,1
surviving,1
multinational,1
corporation,1
polygamous,1
cabinets,1
pairs,1
officer,1
patrolled,1
damage,1
enforced,1
laws,1
prosper,1
evenings,1
presenting,1
audiences,1
supposedly,1
sayinng,1
streets,1
fragile,1
moved,1
gather,1
inviting,1
bicep,1
toughness,1
sections,1
erotica,1
conspiracies,1
suprise,1
inconvenience,1
parked,1
scholarship,1
sunglasses,1
cowards,1
browsing,1
tone,1
stds,1
resolving,1
entertainment,1
hobbies,1
player,1
touching,1
unplanned,1
disappointing,1
spilt,1
concert,1
immersing,1
opposited,1
proved,1
alive,1
beloved,1
brilliant,1
collaborating,1
jury,1
religions,1
god,1
sourced,1
highquality,1
ingredients,1
communicate,1
delicious,1
bookshop,1
sa,1
analyst,1
theyll,1
recognize,1
witnesses,1
procrastinate,1
honed,1
zone,1
daydream,1
fucking,1
boat,1
dive,1
equipment,1
radiant,1
conservation,1
showcasing,1
scrubbed,1
disinfected,1
force,1
persevered,1
propelling,1
beautifully,1
previous,1
runway,1
judge,1
studies,1
forgave,1
workspace,1
designated,1
access,1
efficiency,1
skinned,1
willingness,1
stride,1
wept,1
source,1
remote,1
throwing,1
burger,1
direct,1
wellorganized,1
logically,1
pushing,1
endeavors,1
backdoor,1
evaluation,1
customers,1
secretary,1
threshold,1
travelling,1
fueling,1
motivator,1
dedication,1
rehearsing,1
performing,1
actors,1
awesome,1
nurtured,1
dilligent,1
boosts,1
sixtieth,1
borthday,1
theater,1
elevator,1
excelled,1
finishing,1
therapist,1
hopefully,1
hundreds,1
arranged,1
dining,1
lid,1
sat,1
collecting,1
craziest,1
stag,1
teen,1
forty,1
pretend,1
wonderful,1
mismatch,1
elsewhere,1
participating,1
grace,1
elegance,1
watermelon,1
abused,1
petitioned,1
patiently,1
deodorant,1
cakes,1
jars,1
heavier,1
architect,1
drafted,1
detailed,1
blueprints,1
morale,1
productivity,1
na,1
bowling,1
lightest,1
teenager,1
drawbacks,1
accepting,1
fireplace,1
masturbated,1
urges,1
drawn,1
nurse,1
sixmonthold,1
formally,1
wit,1
festivals,1
lately,1
wrinkles,1
proactively,1
independent,1
laptop,1
mobilize,1
supply,1
risking,1
regret,1
pleasures,1
gang,1
tablecloths,1
filthy,1
waist,1
english,1
poetry,1
spoken,1
poets,1
terrain,1
strategy,1
couch,1
persuade,1
agrued,1
niece,1
roared,1
offroad,1
vehicle,1
unforgiving,1
gangs,1
district,1
selfconfident,1
orderly,1
defence,1
confront,1
outsmarted,1
singlehandedly,1
ban,1
phones,1
chess,1
wooden,1
generate,1
barren,1
landscape,1
thailand,1
races,1
tamed,1
horse,1
election,1
wuss,1
names,1
knife,1
booked,1
resort,1
passiveaggressive,1
behavior,1
playful,1
shotgun,1
injury,1
circle,1
overcoming,1
undercovers,1
debates,1
tug,1
splitting,1
tarantula,1
refrained,1
asserted,1
tools,1
fears,1
grandmother,1
photographer,1
boosting,1
innovative,1
conviction,1
hollywood,1
stars,1
valuable,1
cloth,1
basement,1
deferred,1
committed,1
rowed,1
advocated,1
causes,1
photoshoot,1
eerie,1
corridors,1
moms,1
struggles,1
analysing,1
mischief,1
sorted,1
sisters,1
retired,1
goodbye,1
displaying,1
relaxing,1
spirit,1
defrost,1
freezer,1
smash,1
places,1
accused,1
assault,1
mobilised,1
society,1
venture,1
guest,1
forced,1
divide,1
invested,1
passive,1
impulsively,1
backup,1
ahead,1
deeper,1
haunted,1
unafraid,1
halter,1
exboyfriend,1
fretting,1
bakes,1
generous,1
housewife,1
talks,1
educate,1
interfered,1
miniskirt,1
shadows,1
rented,1
renovate,1
ought,1
attic,1
promoting,1
carpenter,1
wears,1
predators,1
bachelor,1
mass,1
courtroom,1
massages,1
hooligans,1
sector,1
alike,1
acknowledging,1
elections,1
tempo,1
target,1
interpreted,1
wellpaid,1
reactions,1
unmotivated,1
frozen,1
pizzas,1
fixed,1
pro,1
realized,1
attentively,1
continue,1
contest,1
performer,1
debate,1
portion,1
ideal,1
breath,1
whispers,1
quoting,1
italian,1
theatre,1
pin,1
wall,1
sedative,1
voiced,1
commands,1
satin,1
peachy,1
greatest,1
statistics,1
coolheaded,1
lively,1
astute,1
securing,1
favorable,1
mortage,1
banks,1
spilling,1
advantages,1
concern,1
killed,1
visiting,1
fashionable,1
appropriately,1
companionship,1
elederly,1
fend,1
plates,1
recycled,1
heated,1
aloud,1
shaking,1
sides,1
repeatedly,1
selfdestructive,1
prefers,1
conquered,1
indescribable,1
capabilities,1
materials,1
allowing,1
curly,1
eyelashes,1
spanish,1
bungeejumping,1
influential,1
felled,1
trees,1
cheating,1
dramas,1
stern,1
dull,1
policeman,1
parking,1
sacrifice,1
depths,1
specialise,1
marine,1
biology,1
normal,1
manifest,1
neutral,1
marvel,1
poster,1
radiate,1
banket,1
prenup,1
divorce,1
tire,1
pickpocket,1
thoughtful,1
whats,1
athlete,1
thrown,1
block,1
surging,1
offend,1
weird,1
ten,1
efforts,1
tender,1
breadwinner,1
harmonious,1
roar,1
motorcycle,1
camerashy,1
prudish,1
bushcrafting,1
experiment,1
scientific,1
report,1
coordinating,1
beginner,1
fundraising,1
interacting,1
attendees,1
robbers,1
cosmetics,1
unkind,1
equally,1
expressions,1
faces,1
raged,1
deck,1
ship,1
distractions,1
romance,1
organisation,1
wrap,1
protecting,1
pilot,1
passengers,1
crew,1
adhering,1
rigorous,1
filtered,1
toe,1
accept,1
catalogue,1
tasteless,1
emphathetic,1
corner,1
malta,1
fearing,1
channel,1
frustration,1
childcare,1
winding,1
divided,1
diligence,1
fighting,1
advantage,1
weighted,1
magazines,1
loner,1
onlookers,1
initially,1
suspect,1
roads,1
badges,1
disabilities,1
fortitude,1
line,1
triumphantly,1
trousers,1
brains,1
satisfactory,1
persistent,1
practical,1
flight,1
secured,1
prosperous,1
point,1
modelling,1
transportation,1
coursing,1
professor,1
specialised,1
toughest,1
labored,1
scorching,1
undergoing,1
space,1
jewel,1
resorting,1
namecalling,1
shouting,1
navigate,1
pioneer,1
chatting,1
gardeners,1
cultivate,1
green,1
bigger,1
corrected,1
monument,1
measurments,1
empty,1
babysitter,1
patterns,1
budgeting,1
treasure,1
aired,1
smelled,1
black,1
satisfy,1
intuitively,1
storefront,1
conferences,1
overexerted,1
pie,1
mended,1
comparing,1
convenience,1
factors,1
concerning,1
unprotected,1
analyzing,1
kill,1
dedicating,1
insecurities,1
persuaded,1
costume,1
participation,1
acknowledged,1
ups,1
teammates,1
minds,1
history,1
sheets,1
seeds,1
epitome,1
fostered,1
inclusive,1
selfie,1
scissors,1
rip,1
sprint,1
jackhammer,1
grades,1
youd,1
sold,1
debts,1
worries,1
media,1
highlights,1
decolettage,1
turn,1
workinf,1
fierce,1
legacy,1
reunions,1
awkward,1
integrate,1
culture,1
paralysed,1
carousels,1
ad,1
keynote,1
doorknobs,1
switches,1
multiple,1
completed,1
frames,1
personalized,1
massage,1
counteroffer,1
blow,1
baking,1
strapped,1
boots,1
trek,1
toilet,1
bacteria,1
revised,1
distances,1
recently,1
ironed,1
crucial,1
weep,1
shit,1
targeted,1
campaigns,1
hustles,1
triple,1
backflip,1
tells,1
calling,1
gentleman,1
firms,1
outer,1
vented,1
radiator,1
shaky,1
hesitation,1
horoscopes,1
ordinary,1
payments,1
inspiration,1
algebra,1
discussion,1
colour,1
opponents,1
possessed,1
undeniable,1
allure,1
captivated,1
facing,1
outcome,1
kinky,1
detect,1
pushup,1
selfish,1
prioritise,1
direction,1
foolish,1
asserting,1
standing,1
insecurity,1
cash,1
robbed,1
slammed,1
praying,1
hill,1
bare,1
pharmacist,1
compliance,1
regulatory,1
sanitized,1
pace,1
anxiety,1
member,1
donate,1
minimum,1
requirement,1
beast,1
apology,1
viewpoints,1
hurts,1
airport,1
checking,1
fragnances,1
relatives,1
affect,1
profession,1
typos,1
hauled,1
loads,1
fulfilled,1
frostbite,1
language,1
sadness,1
tsunami,1
compete,1
sponges,1
researcher,1
aspects,1
pleasant,1
harsh,1
shed,1
interviews,1
crafted,1
compelling,1
starting,1
vlog,1
deadline,1
answers,1
color,1
dialogue,1
proposals,1
relevant,1
comments,1
series,1
rituals,1
brush,1
guidelines,1
delegated,1
matching,1
scold,1
collective,1
plowed,1
sand,1
castles,1
std,1
universities,1
tutoring,1
concentrate,1
pitied,1
influencers,1
softened,1
accepted,1
cooped,1
increased,1
earning,1
potential,1
flames,1
buckets,1
mercedes,1
beggar,1
nasty,1
intervene,1
personality,1
representing,1
legal,1
latenight,1
calculator,1
foster,1
advocating,1
lecture,1
overslept,1
testify,1
dealing,1
problemsolver,1
rubbish,1
attending,1
blame,1
shirts,1
riskier,1
seatbelt,1
sorrow,1
forbes,1
prices,1
wrinkle,1
appropriate,1
adopt,1
witnessed,1
biceps,1
marveled,1
sculpted,1
definition,1
slander,1
proposed,1
remembered,1
gratification,1
chaired,1
ankes,1
envy,1
families,1
gettogethers,1
input,1
thinker,1
chances,1
practicing,1
mango,1
projected,1
aura,1
findings,1
intellectual,1
quackery,1
evaluating,1
laughs,1
flawlessly,1
steep,1
scented,1
spain,1
interview,1
selfconfidence,1
recipe,1
oil,1
flew,1
captain,1
overwhelming,1
critically,1
toilets,1
dreamed,1
crash,1
attack,1
total,1
decorative,1
mainly,1
chatty,1
restaurants,1
calibre,1
weapons,1
fourth,1
celibate,1
unprofessional,1
behaviour,1
master,1
prior,1
site,1
overtime,1
connected,1
idols,1
networks,1
ceremonial,1
revenge,1
improved,1
deadlift,1
manipulated,1
scored,1
opted,1
contradict,1
calculation,1
showered,1
reclean,1
forget,1
accustomed,1
procedures,1
paddled,1
surfboard,1
rafting,1
celebrity,1
overtake,1
indicating,1
catching,1
bold,1
werent,1
crashed,1
recession,1
sell,1
criminals,1
adam,1
sandler,1
assessing,1
commercial,1
astrological,1
nursery,1
groceries,1
threesome,1
gates,1
steve,1
dividing,1
texts,1
entired,1
anyones,1
expresses,1
bail,1
consistent,1
obeyed,1
sacrificing,1
sake,1
promptly,1
precise,1
personalities,1
oclock,1
doctors,1
chop,1
emotionally,1
tirelessly,1
structures,1
chalet,1
bathed,1
fountain,1
four,1
cartoons,1
nonprofit,1
healthier,1
mentorship,1
academy,1
politician,1
factchecker,1
relished,1
plate,1
solitude,1
sixpack,1
physicist,1
paddle,1
kayak,1
rushing,1
rapids,1
roommate,1
confidentiality,1
eshops,1
subjective,1
fried,1
meat,1
emotion,1
tantrum,1
stick,1
vegan,1
suitcases,1
immense,1
rings,1
maid,1
dessert,1
story,1
details,1
showcase,1
serving,1
handstand,1
neighborhood,1
prioritize,1
annoyingly,1
achieving,1
endangered,1
chairs,1
wellknown,1
gala,1
lucrative,1
ethical,1
salon,1
closed,1
brothel,1
prone,1
impulse,1
omega,1
harnessed,1
parachute,1
rolled,1
standards,1
gifts,1
outgoing,1
coworkers,1
bankrupcy,1
disregard,1
rinse,1
stroke,1
giant,1
appliance,1
rested,1
uninstall,1
instagram,1
lend,1
unhygienic,1
blind,1
quartile,1
kitten,1
habits,1
asks,1
warm,1
shortest,1
ring,1
pair,1
danced,1
bulglar,1
issue,1
networking,1
proven,1
asexual,1
theathre,1
bonus,1
hotel,1
assume,1
laughing,1
skins,1
playboy,1
judgement,1
strange,1
songs,1
worse,1
rifle,1
trembling,1
lines,1
refusal,1
paws,1
topics,1
flipped,1
upside,1
remain,1
presentations,1
seductive,1
petsitter,1
electrician,1
dried,1
ensure,1
cracks,1
fragrant,1
haircut,1
excessively,1
iron,1
pans,1
stainless,1
delivery,1
form,1
continually,1
moisturises,1
puppy,1
complaining,1
bringing,1
counterattack,1
predictions,1
cast,1
wrestled,1
reject,1
jealousy,1
accusing,1
embarrassed,1
betterment,1
strings,1
attached,1
winner,1
borrow,1
cab,1
unsure,1
feels,1
sterilized,1
reusable,1
bottles,1
containers,1
greasy,1
brow,1
memory,1
adapt,1
opt,1
milder,1
flipping,1
rabbits,1
foot,1
keychain,1
kindhearted,1
connect,1
enrolled,1
voluntary,1
unit,1
deprivation,1
exaggerated,1
reckless,1
circles,1
honoured,1
shoving,1
badly,1
sales,1
upgrade,1
humiliating,1
bravery,1
wherever,1
houses,1
location,1
teamleading,1
customs,1
dealings,1
twophase,1
underwear,1
laces,1
mesh,1
highlighting,1
advancements,1
mattress,1
dissatisfied,1
supress,1
protection,1
relaxed,1
celibacy,1
podcasts,1
rivals,1
caber,1
charismatic,1
scotland,1
adopted,1
smoothly,1
lashed,1
hurtful,1
wiped,1
streamer,1
deduction,1
toss,1
present,1
woke,1
exercised,1
spree,1
swings,1
admirable,1
insist,1
centre,1
dudes,1
skill,1
mesmerizing,1
display,1
zoo,1
contributing,1
funds,1
management,1
retires,1
hung,1
operations,1
organizer,1
authorities,1
toughed,1
chewing,1
journey,1
misunderstanding,1
either,1
panic,1
explained,1
spill,1
handedly,1
charities,1
specs,1
mower,1
mostly,1
sons,1
protective,1
aid,1
cookbook,1
pies,1
vet,1
limping,1
cheer,1
buildup,1
validated,1
listens,1
clingy,1
detail,1
tennis,1
medieval,1
swording,1
dedicated,1
precedents,1
persuasive,1
flower,1
fool,1
software,1
charged,1
battlefield,1
therefore,1
acts,1
endless,1
kinds,1
reality,1
guilty,1
tasty,1
factory,1
raced,1
intersection,1
gossips,1
experts,1
ears,1
path,1
garbage,1
requiring,1
curlers,1
session,1
exercises,1
luggage,1
gas,1
station,1
exchanges,1
peeked,1
founded,1
friendlier,1
unironed,1
shameful,1
slow,1
tub,1
numb,1
surfing,1
airsoft,1
gun,1
especially,1
spotting,1
court,1
dies,1
interrupt,1
peace,1
european,1
affairs,1
maths,1
arrive,1
branding,1
peers,1
ridiculous,1
caf,1
thief,1
obligations,1
result,1
blamed,1
designs,1
nights,1
basic,1
restuarant,1
pouring,1
fists,1
clenched,1
traded,1
blows,1
losers,1
differences,1
artists,1
fellow,1
enthusiasts,1
anxious,1
shake,1
consultant,1
assessment,1
precautions,1
opponent,1
visual,1
gyms,1
ramen,1
coud,1
improvise,1
shines,1
negotiating,1
primal,1
crooked,1
awakened,1
pornstars,1
astronomy,1
unrealistic,1
pure,1
labour,1
bridge,1
gaps,1
urge,1
teeth,1
iq,1
halfway,1
collaborate,1
spouse,1
michelin,1
star,1
sweep,1
conceptualized,1
wisely,1
tracked,1
provoking,1
colourful,1
glad,1
branch,1
dancers,1
graphic,1
creatively,1
hallway,1
diagnostic,1
accurate,1
diagnoses,1
diminished,1
failing,1
todays,1
invest,1
outings,1
brick,1
assert,1
claim,1
recognition,1
deserved,1
foods,1
bakery,1
obsessing,1
upper,1
snowstorm,1
lovers,1
decorated,1
walls,1
selfreflection,1
depends,1
diving,1
sharks,1
instantly,1
symptoms,1
supervisors,1
prioritised,1
saving,1
basket,1
dealt,1
realizing,1
driveway,1
moody,1
patients,1
wed,1
repeat,1
lights,1
tantric,1
ceos,1
bankrupt,1
unacceptable,1
karate,1
traveling,1
disagrees,1
spiders,1
connecting,1
amused,1
dared,1
swift,1
consume,1
smoke,1
odour,1
friendship,1
sundays,1
infrastructure,1
sprinted,1
respected,1
sweatshirt,1
circus,1
objected,1
reliability,1
deny,1
credibility,1
invisible,1
brand,1
gorgeous,1
firewood,1
cutting,1
civil,1
contradicting,1
electrifying,1
improving,1
rival,1
finger,1
speaks,1
program,1
leaders,1
suffers,1
catering,1
mineral,1
assess,1
escape,1
cops,1
consequences,1
voted,1
studious,1
logo,1
sayings,1
boys,1
processes,1
staked,1
engineering,1
swimsuit,1
backgrounds,1
kick,1
compatible,1
problematic,1
dangerously,1
bothering,1
expand,1
activity,1
glow,1
predator,1
except,1
express,1
encouragement,1
tour,1
technological,1
hell,1
disciplined,1
binge,1
persuasion,1
leap,1
cleared,1
purchased,1
policy,1
angrier,1
occasion,1
awe,1
grip,1
sorts,1
appreciates,1
preparation,1
attract,1
reveled,1
topic,1
bickered,1
sniped,1
flirting,1
waitress,1
flies,1
awhile,1
harassing,1
ogling,1
planet,1
bdsm,1
coursed,1
highstress,1
pond,1
pulled,1
defying,1
gravity,1
denying,1
underestimated,1
grant,1
clubbing,1
compulsive,1
hug,1
tremendous,1
moreover,1
sciences,1
armed,1
chainsaw,1
pram,1
longtime,1
accommodate,1
uncovered,1
expedition,1
rang,1
countries,1
blond,1
wonder,1
dense,1
truck,1
athletic,1
continued,1
delivering,1
clarity,1
persuasiveness,1
yelled,1
negotiate,1
adaptable,1
itinerary,1
closer,1
warning,1
burnout,1
strained,1
crowds,1
hindered,1
gps,1
gadgets,1
approvals,1
attendance,1
themed,1
cozy,1
prompt,1
unbecoming,1
fresh,1
languages,1
shunned,1
cleans,1
solidarity,1
swear,1
midnight,1
defeated,1
wolves,1
howling,1
wild,1
matched,1
marginalized,1
miserable,1
necessary,1
ingredient,1
road,1
wellinformed,1
aligned,1
organizations,1
dragged,1
arrogant,1
cycled,1
species,1
rushed,1
eyeing,1
merchandise,1
lining,1
valet,1
bugs,1
snakes,1
collar,1
excerting,1
junior,1
mushroom,1
worm,1
prime,1
minister,1
questioning,1
sink,1
testament,1
category,1
alternative,1
diversify,1
cop,1
amusing,1
crossfit,1
dynamic,1
organize,1
sorting,1
cons,1
spontaneously,1
bulb,1
representative,1
map,1
utmost,1
dominance,1
approaches,1
fragrances,1
adults,1
cracked,1
frequency,1
declined,1
advance,1
stove,1
heartbroken,1
cancelled,1
question,1
druing,1
autonomy,1
spinning,1
sole,1
purpose,1
finding,1
beautician,1
signing,1
closet,1
behalf,1
relinquishing,1
internet,1
cable,1
companies,1
secure,1
costeffective,1
carrying,1
subscribed,1
advancement,1
housebroken,1
answered,1
cuddle,1
affectionate,1
adored,1
exist,1
whiskey,1
trekked,1
tomorrow,1
fiftieth,1
birhday,1
chaotic,1
attempt,1
pumpkins,1
carve,1
sasha,1
grey,1
hercules,1
distant,1
commited,1
council,1
suitacases,1
separate,1
approachable,1
literate,1
captivate,1
pros,1
purchasing,1
department,1
confide,1
raw,1
beef,1
fireworks,1
eve,1
posed,1
reviews,1
undergone,1
generation,1
scent,1
stores,1
karma,1
notices,1
finantially,1
compatibility,1
vietnam,1
dripping,1
updated,1
tradition,1
infant,1
dates,1
drinking,1
womanizing,1
american,1
marines,1
strangely,1
alternated,1
period,1
function,1
nerves,1
loneliness,1
comedy,1
storytelling,1
charitable,1
photo,1
apron,1
rape,1
fish,1
courteous,1
weaker,1
stubborn,1
girlfriend,1
saddest,1
floral,1
selected,1
modeling,1
rates,1
thinks,1
flipflops,1
disgusting,1
maternity,1
pretent,1
solved,1
background,1
entitled,1
cater,1
oxford,1
exercising,1
minute,1
texted,1
candy,1
mentored,1
tellers,1
varied,1
gold,1
friendy,1
album,1
collect,1
stickers,1
wet,1
napkins,1
tires,1
vibes,1
energies,1
reveal,1
henna,1
tattoo,1
linens,1
rewarding,1
admired,1
alternate,1
bonuses,1
directive,1
smartly,1
lifts,1
depending,1
decrepit,1
noisy,1
obnoxious,1
shame,1
flirt,1
nodded,1
courteously,1
politely,1
hed,1
neighbor,1
oils,1
experimentation,1
comfy,1
womans,1
loyalty,1
caused,1
vain,1
mechanic,1
energetic,1
creature,1
silver,1
traffic,1
obsessed,1
chicken,1
eggs,1
pillow,1
sketchy,1
flinched,1
endured,1
nightmares,1
islamic,1
wishful,1
equals,1
preparations,1
alcohol,1
switching,1
ignore,1
elses,1
covid,1
trains,1
counteract,1
statement,1
perspective,1
credible,1
dorm,1
fishing,1
poor,1
land,1
toy,1
quarantine,1
nonfiction,1
leg,1
susceptible,1
samples,1
contain,1
excitement,1
roof,1
impress,1
nobodys,1
strenght,1
earth,1
producing,1
ties,1
playground,1
associated,1
tended,1
wound,1
skip,1
creative,1
irresponsible,1
freely,1
courage,1
alpha,1
rambunctious,1
viewed,1
cuel,1
absolutely,1
era,1
penny,1
pinchers,1
guys,1
paintings,1
confronting,1
expect,1
kilo,1
chickens,1
theis,1
belonged,1
regarding,1
justice,1
blinded,1
sore,1
forever,1
interim,1
thirty,1
penis,1
sexshop,1
socialising,1
permitted,1
lips,1
sort,1
swans,1
casting,1
beaten,1
valentines,1
faithful,1
wives,1
dad,1
secret,1
goaloriented,1
monogamy,1
credentials,1
painted,1
formula,1
nonjudgmental,1
spotlight,1
membership,1
renew,1
card,1
blessed,1
pyjamas,1
successfully,1
recall,1
twelve,1
artist,1
hearsay,1
jokes,1
film,1
conservative,1
regards,1
sleeping,1
overachiever,1
stage,1
foundations,1
offgrid,1
mud,1
puddles,1
bike,1
psychohygiene,1
excited,1
contains,1
shopped,1
compromised,1
conform,1
suspiciously,1
irritating,1
believes,1
dolls,1
flowing,1
leftover,1
pickup,1
beard,1
urinal,1
boy,1
resolve,1
arduous,1
showering,1
traditionally,1
maledominated,1
sweets,1
deserts,1
television,1
ads,1
messing,1
exams,1
paints,1
masculine,1
specifically,1
editorinchief,1
infidelity,1
knives,1
traveled,1
weakest,1
represents,1
registered,1
pasta,1
linen,1
analytical,1
newspaper,1
intact,1
touches,1
hitting,1
squeaky,1
arrival,1
picking,1
societal,1
complied,1
images,1
requests,1
sauna,1
regenerate,1
forgive,1
attitude,1
bullying,1
annoying,1
spouses,1
volunteers,1
unreasonable,1
diagram,1
earnings,1
batch,1
competed,1
disciplines,1
offers,1
appear,1
shortsighted,1
judgmental,1
belched,1
gender,1
breaks,1
whines,1
isnt,1
pot,1
blowing,1
firecrackers,1
innocent,1
fright,1
fate,1
accross,1
river,1
comedian,1
poisoning,1
stained,1
tackle,1
dated,1
rescue,1
suitcase,1
tolerate,1
exceptional,1
entirely,1
negotiations,1
disinfectant,1
pandemic,1
ages,1
coordinated,1
treacherous,1
seas,1
fueled,1
labyrinth,1
veterinarian,1
examinations,1
diagnosed,1
ailments,1
authoritarian,1
upbringing,1
south,1
america,1
finance,1
bush,1
tragedy,1
guard,1
prison,1
bookshelves,1
wellpaying,1
relax,1
amazing,1
buddys,1
smoking,1
count,1
neighbourhood,1
depressed,1
wave,1
million,1
dollars,1
bark,1
jagged,1
difficulties,1
bodyshame,1
commenting,1
dangers,1
crashing,1
bet,1
